Designator,Val,Package,Mid X,Mid Y,Rotation,Layer
C1,100nF,C_0603_1608Metric,144.984999,-106.13984,90,top
C2,100nF,C_0603_1608Metric,146.984999,-106.08984,90,top
D1,LED,LED_0805_2012Metric,138.662913,-82.337087,45,top
D2,LED,LED_0805_2012Metric,138.662913,-86.337087,45,top
D3,LED,LED_0805_2012Metric,138.662913,-90.337087,45,top
D4,LED,LED_0805_2012Metric,142.162913,-82.337087,45,top
D5,LED,LED_0805_2012Metric,142.162913,-86.337087,45,top
D6,LED,LED_0805_2012Metric,142.162913,-90.337087,45,top
D7,LED,LED_0805_2012Metric,145.662913,-82.337087,45,top
D8,LED,LED_0805_2012Metric,145.662913,-86.337087,45,top
D9,LED,LED_0805_2012Metric,145.662913,-90.337087,45,top
J1,USB_A,USB-A,142.19,-121.4,0,top
R1,10K,R_0603_1608Metric,151.5,-81.525,90,top
R2,330R,R_0603_1608Metric,132,-81.325,90,top
R3,330R,R_0603_1608Metric,132,-85.675,90,top
R4,330R,R_0603_1608Metric,132,-89.675,90,top
R5,330R,R_0603_1608Metric,140.675,-74.5,0,top
R6,330R,R_0603_1608Metric,144.675,-74.5,0,top
R7,330R,R_0603_1608Metric,132,-93.825,90,top
R8,330R,R_0603_1608Metric,151.5,-85.175,90,top
R9,330R,R_0603_1608Metric,151.5,-89.175,90,top
R10,330R,R_0603_1608Metric,151.5,-93.675,90,top
SW1,SW_Push,SW_SPST_TS-1088-xR020,142.5,-68.5,0,top
U1,CH552G,JEITA_SOIC-16_3.9x9.9mm_P1.27mm,142.794999,-100.18984,-90,top